id,date,question,decision,rationale,status
D1,2026-09-28,"C0 adasind_019560 L6: người áo vàng ngồi trên xe (rider, một Bike) hay dắt xe (Pedestrian và Bike riêng)?",Giữ Pedestrian (người đi bộ) và Bike (xe hai bánh) riêng ở bản calib (làm thử) đã khóa. Ghi ca L6 theo R03 để thống nhất cách đọc ảnh.,"Tôi đọc ảnh là chân chạm đất, không ngồi yên. Nhưng chân bị làm mờ nên chưa đủ bằng chứng khẳng định reference (bản nhãn mẫu của giảng viên) sai. Xem p1_calib/compare.md.",closed
D2,2026-09-28,"B4-mid 261480 L6: van trắng đang mang nhãn Truck (xe tải), có cần sửa?","Rework (sửa lại nhãn): đổi Truck thành Car (ô tô con), giữ box (khung chữ nhật bao vật).","R04 xếp van chở người vào Car. QA (người kiểm tra) ở qa_review.md, R3 (bản mẫu) và M3 (AI) đều chỉ về Car. IoU=0.917 (mức trùng khít giữa hai khung, từ 0 đến 1) cho thấy khung khá khớp; ca cần sửa ở đây là loại nhãn. Xem r3_diag L6.",closed
D3,2026-09-28,B4-mid 265065 L10: một box (khung chữ nhật bao vật) có đang gộp hai người trước cửa hàng?,"Rework (sửa lại nhãn): tách thành hai Pedestrian (người đi bộ), bám phần nhìn thấy.","Theo R02, vẽ riêng từng vật. Reference (bản mẫu) có R7 và R8; model (AI nhận diện tự động) M5 thấy người tương ứng R8, không phải cả hai người. Xem screenshots/03_265065_L10_merged_pedestrians.png.",closed
D4,2026-09-28,B4-mid 261480 L3: phần ô tô thấy được phía sau hai xe máy có cao đủ H=40 pixel (điểm ảnh)?,Rework (sửa lại nhãn): xóa box (khung chữ nhật bao vật) Car L3.,"Theo R01/R02, chỉ đo phần thấy được. Phần ô tô được ước tính khoảng 36 pixel, còn khung cũ bao cả chỗ bị che. QA (người kiểm tra) đã nêu nghi vấn. R (bản mẫu) và M (AI) không có khung tương ứng đủ điều kiện.",closed
D5,2026-09-28,B4-mid 265065 L1–L3: vẽ từng xe hay bỏ qua cụm crowd_or_group (không tách được từng vật) như reference (bản mẫu)?,Giữ từng khung. Escalate (chuyển cấp xử lý) bất đồng R06 cho nhóm luật; đề xuất R06a v1.1.0.,Tôi thấy mép từng xe tách được. Khung cao 51–58 pixel (điểm ảnh). R06 chưa có tiêu chí đo khi nào không tách được. Xem 30_escalation_ticket.md Ticket 2 và screenshots/01.,escalated
D6,2026-09-28,"Model (AI nhận diện tự động) YOLO26m không ghép đúng loại cho 3/3 ThreeWheeler (xe ba bánh) ở 261480, mà gọi Car/Truck (ô tô con/xe tải): xử lý thế nào?",Escalate (chuyển cấp xử lý) cho ai_team (nhóm AI). Không dùng loại AI đoán cho xe ba bánh làm pre-label (nhãn điền sẵn).,"Giữ E4_model_domain (AI chưa phù hợp dữ liệu/quy ước) vì có các ca M6, M8, M10/M12 trong cùng nhóm ảnh. Cần đo thêm trước khi kết luận cho cả bộ dữ liệu. Xem 30_escalation_ticket.md Ticket 1 và screenshots/02.",escalated
D7,2026-09-28,B4-mid 261480 L2: reference (bản mẫu) có thiếu Bike (xe hai bánh) với người áo xanh?,Giữ L2 (keep). Escalate (chuyển cấp xử lý) cho QA (người kiểm tra) để xác minh và sửa mẫu nếu đúng.,L (người học) và model (AI nhận diện tự động) M11 cùng có xe máy ở vị trí này. Giữ E0_reference_defect (nghi lỗi bản mẫu). Xem Ticket 3.,escalated
D8,2026-09-28,"QA (người kiểm tra) vòng r2, 265065 L5: xe tay ga có người ngồi hay có người đứng cạnh?",Giữ Bike L5 (xe hai bánh) và Pedestrian L4 (người đi bộ) riêng.,"Reference (bản mẫu) R5 Bike và R6 Pedestrian, cùng model (AI) M7/M6, ủng hộ tách người và xe. Ca còn cần xem là occluded (bị vật khác che), nên keep_with_reason (giữ nhãn, có lý do). R11 yêu cầu soát thuộc tính này giữa người với người; khác mẫu không tự chứng minh nhãn sai.",closed
D9,2026-09-28,Khóa lại vòng rework sau khi học viên tự sửa tay nhãn B4-mid và polygon free_space của bài parking trong CVAT?,"Khóa lại rework bằng --relock với bản sửa tay, mã 48A2-5E6E, thay bản 8DB5-6D8E. Cập nhật parking/annotations.xml từ bản xuất mới.","Học viên chọn giữ bản tự sửa làm bản cuối. Thay đổi và kết quả trước/sau được ghi ở rework/delta.md, gồm cả hai người R6/R7 còn thiếu và các khung dưới 40 pixel không được tính theo R01. Bản r1_craft (4C3B-1E1C) không đổi.",closed
