round,slice,frame,object_ref,cell,what,why,severity,owner,rule_id,evidence,action,rules_version,note
calib,C0,adasind_019560.jpg,L5,na,SPURIOUS,,,,R01,"p1_calib/compare.md; L box Bike (592,790)-(638,837) H=47px; xe máy đỗ sau người áo vàng, R không có box",,v1.0.0,"Vật nhỏ bị che nhiều. Box (khung chữ nhật bao vật) cao 47 pixel (điểm ảnh), nhưng cần đo riêng phần nhìn thấy theo H=40. Reference (bản mẫu) có thể bỏ vì quá nhỏ hoặc khó đọc. Chưa kết luận ai đúng."
calib,C0,adasind_019560.jpg,L6,na,SPURIOUS,,,,R03,"p1_calib/compare.md; L tách Pedestrian (626,738)-(690,913) + Bike (591,801)-(730,913); R chỉ có một Bike (595,739)-(730,911) bao cả người",,v1.0.0,L (người học) đọc người áo vàng là đứng cạnh hoặc dắt xe nên vẽ Pedestrian (người đi bộ) và Bike (xe hai bánh) riêng. R (bản mẫu) coi là rider (người ngồi trên xe) nên dùng một Bike. Vùng chân bị làm mờ; cần thống nhất cách áp dụng R03.
calib,C0,adasind_019560.jpg,L3,na,BOX_GEOMETRY,,,,R02,"L ThreeWheeler (324,729)-(432,847) vs R (327,721)-(457,849); IoU≈0.73; khác chủ yếu cạnh phải 432 vs 457",,v1.0.0,"L và R cùng loại ThreeWheeler (xe ba bánh). Cạnh phải box (khung chữ nhật bao vật) của L ở x=432, của R ở x=457, lệch 25 pixel (điểm ảnh). IoU≈0.73 là mức trùng khít từ 0 đến 1. Phần xe phía sau mờ hoặc bị che; cần kiểm mép phải theo R02, không tự kéo khung cho giống mẫu."
r2_qa,B4-mid,adasind_261480.jpg,L6,L_only,WRONG_CLASS,,,,R04,"r2_qa/qa_review.md; box Truck (127,743)-(268,882) bao xe van trắng chở người",,v1.0.0,"R04 xếp van chở người vào Car (ô tô con), không phải Truck (xe tải)."
r2_qa,B4-mid,adasind_265065.jpg,L5,L_only,MISSING,,,,R03,"r2_qa/qa_review.md; Bike (158,765)-(190,835): scooter có vẻ đỗ, người áo sáng đứng sau",,v1.0.0,"Đây là nghi vấn ghi ở vòng QA (kiểm tra), chưa phải kết luận thiếu người. Bản khóa đã có L4 Pedestrian (người đi bộ), (147,761)-(168,831), cạnh L5 Bike (xe hai bánh). Cần xác nhận L4 có đúng người đứng cạnh xe theo R03. Vòng r3_diag giữ tách L4/L5."
r2_qa,B4-mid,adasind_261480.jpg,L3,L_only,BOX_GEOMETRY,,,,R02,"r2_qa/qa_review.md; Car (29,764)-(74,843) chồng lên Bike L2 (34,773)-(69,874) ở mép trái",,v1.0.0,"Phần ô tô nhìn thấy ít. Cần kiểm vật riêng và phần thấy được theo R02. Nếu không tách được hoặc không đọc rõ, cân nhắc vùng bỏ qua theo R06."
r1_craft,B4-mid,adasind_261480.jpg,L2,na,SPURIOUS,,,,R01,"compare.md: Bike L2 (34,773)-(69,874) không ghép R",,v1.0.0,"L2 Bike (xe hai bánh) không ghép được với reference (bản mẫu); đây là SPURIOUS trong báo cáo so sánh, chưa tự chứng minh xe không có thật. Vòng r3_diag chuyển QA xác minh mẫu."
r1_craft,B4-mid,adasind_261480.jpg,L3,na,SPURIOUS,,,,R01,"compare.md: Car L3 (29,764)-(74,843) không ghép R; QA r2 đã nêu",,v1.0.0,Car (ô tô con) L3 không ghép được với reference (bản mẫu). Vòng sau xác định khung bao phần bị che và chọn rework (sửa lại nhãn).
r1_craft,B4-mid,adasind_261480.jpg,L6+R3,na,WRONG_CLASS,,,,R04,local_quality_conflicts.csv: mismatching_label Truck vs Car IoU 0.917,,v1.0.0,"L6 Truck (xe tải) và R3 Car (ô tô con) là cùng vị trí nhưng khác loại. IoU=0.917 là mức trùng khít giữa hai khung, từ 0 đến 1. Vòng sau đổi L6 theo R04."
r1_craft,B4-mid,adasind_265065.jpg,L1,na,IGNORE_SCOPE,,,,R06,"compare.md: box L nằm trong polygon crowd_or_group (0,760)-(145,815) của R",,v1.0.0,"Khung nằm chủ yếu trong crowd_or_group (cụm không tách được từng vật) của reference (bản mẫu), nên báo IGNORE_SCOPE (bất đồng phạm vi), không tính là khung thừa. Vùng mẫu (0,760)-(145,815) không bao kín toàn bộ khung."
r1_craft,B4-mid,adasind_265065.jpg,L2,na,IGNORE_SCOPE,,,,R06,"compare.md: box L nằm trong polygon crowd_or_group (0,760)-(145,815) của R",,v1.0.0,"L2 nằm chủ yếu trong crowd_or_group (cụm không tách được từng vật) của reference (bản mẫu). IGNORE_SCOPE nghĩa là bất đồng phạm vi được tính, không phải tự kết luận người vẽ sai."
r1_craft,B4-mid,adasind_265065.jpg,L3,na,IGNORE_SCOPE,,,,R06,"compare.md: box L nằm trong polygon crowd_or_group (0,760)-(145,815) của R",,v1.0.0,L3 nằm chủ yếu trong crowd_or_group (cụm không tách được từng vật) của reference (bản mẫu). Vùng bỏ qua không bao kín toàn bộ khung; công cụ dùng ngưỡng diện tích R09.
r1_craft,B4-mid,adasind_265065.jpg,L7,na,SPURIOUS,,,,R01,"compare.md: Pedestrian L7 (276,759)-(302,817) không có R/M",,v1.0.0,"R (bản mẫu) không có khung riêng tương ứng. M (AI) thực ra có Pedestrian (người đi bộ), (280.33,763.60)-(299.94,799.10), cao 35.50 pixel, nhưng bị lọc vì dưới H=40. Vì thế M không xuất hiện trong phép so sánh này. Giữ quyết định chờ phân xử ở vòng r3_diag."
r1_craft,B4-mid,adasind_265065.jpg,L9,na,SPURIOUS,,,,R01,"compare.md: Bike L9 (420,773)-(454,823) không có R/M",,v1.0.0,"Bike (xe hai bánh) L9 không ghép được với bản mẫu hay AI trong phạm vi đang tính. Vật bị che nên chờ người soát xác nhận, không tự xóa nhãn."
r1_craft,B4-mid,adasind_265065.jpg,L10+R8,na,BOX_GEOMETRY,,,,R02,"compare.md: L10 (730,763)-(770,847) ghép R8 (748,769)-(770,845) IoU thấp",,v1.0.0,"Báo cáo hình học ghép L10 với R8 nhưng khung lệch. Phân tích sau cho thấy L10 gộp hai người R7/R8, nên chọn tách khung."
r1_craft,B4-mid,adasind_265065.jpg,R7,na,MISSING,,,,R01,"compare.md: R7 Pedestrian (731,778)-(753,841) không có L",,v1.0.0,Pedestrian (người đi bộ) R7 không ghép được với L. Ca này liên quan khung L10 gộp hai người; vòng sau sửa cùng L10.
r3_diag,B4-mid,adasind_249480.jpg,M2,M_only,SPURIOUS,E4_model_domain,P2,ai_team,R03,"model_compare.md: M2 Pedestrian (663,717)-(766,945) nằm trong Bike L2/R1",keep_with_reason,v1.0.0,"Model (AI nhận diện tự động) vẽ người ngồi trên xe thành Pedestrian (người đi bộ) riêng. R03 yêu cầu người và xe hai bánh chung một Bike. Có bốn ca: 249480 M2/M4, 261480 M2/M5. Giữ E4_model_domain (AI chưa phù hợp dữ liệu/quy ước); đây là dấu hiệu lặp trong mẫu nhỏ, không chứng minh AI được huấn luyện theo COCO."
r3_diag,B4-mid,adasind_249480.jpg,M4,M_only,SPURIOUS,E4_model_domain,P2,ai_team,R03,"model_compare.md: M4 Pedestrian (623,718)-(681,894) là người ngồi sau trên Bike L2",keep_with_reason,v1.0.0,"Model (AI nhận diện tự động) vẽ người ngồi trên xe thành Pedestrian (người đi bộ) riêng. R03 yêu cầu người và xe hai bánh chung một Bike. Có bốn ca: 249480 M2/M4, 261480 M2/M5. Giữ E4_model_domain (AI chưa phù hợp dữ liệu/quy ước); đây là dấu hiệu lặp trong mẫu nhỏ, không chứng minh AI được huấn luyện theo COCO."
r3_diag,B4-mid,adasind_249480.jpg,M6,M_only,SPURIOUS,E4_model_domain,P2,ai_team,R03,"model_compare.md: M6 Pedestrian (161,679)-(228,745), edge, là người ngồi trên thùng Truck L1",keep_with_reason,v1.0.0,"AI vẽ Pedestrian (người đi bộ) riêng ở người ngồi trên thùng Truck (xe tải). Đây là một khung ở edge (vùng rìa ảnh). Giữ phân loại và quyết định hiện tại; R03 chỉ nói rõ người ngồi trong phương tiện khác, chưa nói riêng người ngồi trên thùng hở. Cần xác nhận cách áp dụng R03, không coi một ví dụ là bằng chứng cho cả vùng rìa."
r3_diag,B4-mid,adasind_261480.jpg,L4+R5,LR_noM,MISSING,E4_model_domain,P1,ai_team,R04,"model_compare.md LR_noM; M8 Car (72,778)-(98,825) trùng vị trí",escalate,v1.0.0,"Model (AI nhận diện tự động) không ghép đúng loại cho 3/3 ThreeWheeler (xe ba bánh): M8 Car trên L4, M6 Car trên L5, M10 Car và M12 Truck cùng trên L7. Car là ô tô con, Truck là xe tải. Nghi danh sách loại đầu ra hoặc cách đổi tên nhãn chưa phù hợp; cần kiểm thêm, chưa chứng minh AI không có loại xe ba bánh."
r3_diag,B4-mid,adasind_261480.jpg,L7+R4,LR_noM,MISSING,E4_model_domain,P1,ai_team,R04,"model_compare.md LR_noM; M10 Car + M12 Truck cùng trùng (251..336,745..855)",keep_with_reason,v1.0.0,"Model (AI nhận diện tự động) không ghép đúng loại cho 3/3 ThreeWheeler (xe ba bánh): M8 Car trên L4, M6 Car trên L5, M10 Car và M12 Truck cùng trên L7. Car là ô tô con, Truck là xe tải. Nghi danh sách loại đầu ra hoặc cách đổi tên nhãn chưa phù hợp; cần kiểm thêm, chưa chứng minh AI không có loại xe ba bánh. Gộp vào phiếu chuyển xử lý của L4+R5."
r3_diag,B4-mid,adasind_261480.jpg,L5+R6,LR_noM,MISSING,E4_model_domain,P1,ai_team,R04,"model_compare.md LR_noM; M6 Car (94,764)-(136,842)",keep_with_reason,v1.0.0,"Model (AI nhận diện tự động) không ghép đúng loại cho 3/3 ThreeWheeler (xe ba bánh): M8 Car trên L4, M6 Car trên L5, M10 Car và M12 Truck cùng trên L7. Car là ô tô con, Truck là xe tải. Nghi danh sách loại đầu ra hoặc cách đổi tên nhãn chưa phù hợp; cần kiểm thêm, chưa chứng minh AI không có loại xe ba bánh. Gộp vào phiếu chuyển xử lý của L4+R5."
r3_diag,B4-mid,adasind_261480.jpg,L2,L_only,SPURIOUS,E0_reference_defect,P1,qa,R01,"L2 Bike (34,773)-(69,874) H=101; model M11 Bike (41,807)-(69,867) cùng vị trí (IoU≈0.47, dưới ngưỡng 0.5); ảnh phóng to thấy rõ người áo xanh ngồi trên xe máy sau L1",escalate,v1.0.0,"L (người học) và M (AI) cùng có xe máy tại đây; R (bản mẫu) không có khung riêng. Giữ E0_reference_defect (nghi lỗi bản mẫu), đề nghị QA (người kiểm tra) xác minh và bổ sung nếu đủ điều kiện. Giữ nhãn L."
r3_diag,B4-mid,adasind_261480.jpg,L3,L_only,SPURIOUS,E1_annotator_error,P1,annotator,R01,"Car L3 (29,764)-(74,843): phần ô tô thật nhìn thấy chỉ ~y764–800 (<40 px) phía sau hai xe máy; R, M đều không có; QA r2 đã nêu",rework,v1.0.0,"Box (khung chữ nhật bao vật) bao cả phần ô tô bị xe máy che. Phần thấy được ước tính khoảng y764–800, tức 36 pixel (điểm ảnh), dưới H=40. Xóa khung theo quyết định R01/R02."
r3_diag,B4-mid,adasind_261480.jpg,L6,L_only,SPURIOUS,E1_annotator_error,P1,annotator,R04,"L6 Truck vs R3 Car, M3 Car; IoU 0.917; ảnh: van trắng chở người (minivan)",rework,v1.0.0,"Van chở người thuộc Car (ô tô con), theo R04. Đổi loại nhãn từ Truck (xe tải), giữ tọa độ box (khung chữ nhật bao vật)."
r3_diag,B4-mid,adasind_261480.jpg,R3+M3,RM_noL,MISSING,E1_annotator_error,P1,annotator,R04,Cùng vật với L6 (cell RM_noL do sai class),rework,v1.0.0,Cùng xe van với L6. Đổi L6 sang Car (ô tô con) để xử lý đồng thời dòng thiếu này.
r3_diag,B4-mid,adasind_261480.jpg,M2,M_only,SPURIOUS,E4_model_domain,P2,ai_team,R03,"model_compare.md: M2 Pedestrian (764,593)-(1080,1278) là người lái Bike L9",keep_with_reason,v1.0.0,"Model (AI nhận diện tự động) vẽ người ngồi trên xe thành Pedestrian (người đi bộ) riêng. R03 yêu cầu người và xe hai bánh chung một Bike. Có bốn ca: 249480 M2/M4, 261480 M2/M5. Giữ E4_model_domain (AI chưa phù hợp dữ liệu/quy ước); đây là dấu hiệu lặp trong mẫu nhỏ, không chứng minh AI được huấn luyện theo COCO."
r3_diag,B4-mid,adasind_261480.jpg,M5,M_only,SPURIOUS,E4_model_domain,P2,ai_team,R03,"model_compare.md: M5 Pedestrian (0,754)-(61,872) là người lái Bike L1",keep_with_reason,v1.0.0,"Model (AI nhận diện tự động) vẽ người ngồi trên xe thành Pedestrian (người đi bộ) riêng. R03 yêu cầu người và xe hai bánh chung một Bike. Có bốn ca: 249480 M2/M4, 261480 M2/M5. Giữ E4_model_domain (AI chưa phù hợp dữ liệu/quy ước); đây là dấu hiệu lặp trong mẫu nhỏ, không chứng minh AI được huấn luyện theo COCO."
r3_diag,B4-mid,adasind_261480.jpg,M6,M_only,SPURIOUS,E4_model_domain,P2,ai_team,R04,M6 Car trên ThreeWheeler L5,keep_with_reason,v1.0.0,"Model (AI nhận diện tự động) không ghép đúng loại cho 3/3 ThreeWheeler (xe ba bánh): M8 Car trên L4, M6 Car trên L5, M10 Car và M12 Truck cùng trên L7. Car là ô tô con, Truck là xe tải. Nghi danh sách loại đầu ra hoặc cách đổi tên nhãn chưa phù hợp; cần kiểm thêm, chưa chứng minh AI không có loại xe ba bánh."
r3_diag,B4-mid,adasind_261480.jpg,M8,M_only,SPURIOUS,E4_model_domain,P2,ai_team,R04,M8 Car trên ThreeWheeler L4,keep_with_reason,v1.0.0,"Model (AI nhận diện tự động) không ghép đúng loại cho 3/3 ThreeWheeler (xe ba bánh): M8 Car trên L4, M6 Car trên L5, M10 Car và M12 Truck cùng trên L7. Car là ô tô con, Truck là xe tải. Nghi danh sách loại đầu ra hoặc cách đổi tên nhãn chưa phù hợp; cần kiểm thêm, chưa chứng minh AI không có loại xe ba bánh."
r3_diag,B4-mid,adasind_261480.jpg,M10,M_only,SPURIOUS,E4_model_domain,P2,ai_team,R04,M10 Car trên ThreeWheeler L7; M12 Truck cùng vật (trùng),keep_with_reason,v1.0.0,"Model (AI nhận diện tự động) không ghép đúng loại cho 3/3 ThreeWheeler (xe ba bánh): M8 Car trên L4, M6 Car trên L5, M10 Car và M12 Truck cùng trên L7. Car là ô tô con, Truck là xe tải. Nghi danh sách loại đầu ra hoặc cách đổi tên nhãn chưa phù hợp; cần kiểm thêm, chưa chứng minh AI không có loại xe ba bánh."
r3_diag,B4-mid,adasind_261480.jpg,M11,M_only,SPURIOUS,E4_model_domain,P2,ai_team,R01,"M11 Bike (41,807)-(69,867) ≈ L2 (IoU 0.47)",keep_with_reason,v1.0.0,"M11 hỗ trợ nghi vấn xe máy L2 có thật, nhưng box (khung chữ nhật bao vật) của AI ngắn hơn phía trên. IoU≈0.47 (mức trùng khít từ 0 đến 1) dưới ngưỡng 0.5; đồng thời bản mẫu R không có khung riêng. Vì vậy không thể nói M_only (chỉ AI có) chỉ do ngưỡng IoU. Giữ quyết định hiện tại và chờ xác minh E0 của L2."
r3_diag,B4-mid,adasind_261480.jpg,M12,M_only,SPURIOUS,E4_model_domain,P2,ai_team,R04,M12 Truck trên ThreeWheeler L7; trùng M10,keep_with_reason,v1.0.0,"Model (AI nhận diện tự động) không ghép đúng loại cho 3/3 ThreeWheeler (xe ba bánh): M8 Car trên L4, M6 Car trên L5, M10 Car và M12 Truck cùng trên L7. Car là ô tô con, Truck là xe tải. Nghi danh sách loại đầu ra hoặc cách đổi tên nhãn chưa phù hợp; cần kiểm thêm, chưa chứng minh AI không có loại xe ba bánh."
r3_diag,B4-mid,adasind_261480.jpg,M13,M_only,SPURIOUS,E4_model_domain,P2,ai_team,R02,"M13 Bike (645,838)-(1080,1220) trùng M9 trên cùng xe máy tiền cảnh",keep_with_reason,v1.0.0,"AI vẽ hai box (khung chữ nhật bao vật), M9 và M13, cho cùng xe máy gần camera. Cần kiểm bước NMS (loại bớt khung trùng) và ngưỡng nhận diện; chưa có thử nghiệm chứng minh đổi ngưỡng sẽ sửa được lỗi."
r3_diag,B4-mid,adasind_265065.jpg,L7,L_only,SPURIOUS,E5_unresolved,P2,qa,R01,"L7 Pedestrian (276,759)-(302,817) sau Truck; R, M không có",keep_with_reason,v1.0.0,"Người áo sáng bị Truck (xe tải) che một phần. Khung L7 cao 58 pixel; phần thấy được cần đo lại theo H=40 với người soát thứ hai. AI có khung người cao 35.50 pixel, (280.33,763.60)-(299.94,799.10), bị lọc dưới ngưỡng; vì thế câu evidence nói M không có chỉ đúng trong phép so sánh đã lọc. Giữ E5_unresolved (chưa phân xử được)."
r3_diag,B4-mid,adasind_265065.jpg,L9,L_only,SPURIOUS,E5_unresolved,P2,qa,R01,"L9 Bike (420,773)-(454,823) đỗ cạnh cầu thang, bị biển hiệu che; R, M không có",keep_with_reason,v1.0.0,Có thể reference (bản mẫu) bỏ xe vì bị che nhiều. Người soát độc lập cần kiểm phần bánh và tay lái nhìn thấy. Sau đó xác nhận giữ khung hay dùng unreadable (vùng bỏ qua vì quá khó đọc).
r3_diag,B4-mid,adasind_265065.jpg,L10,L_only,SPURIOUS,E1_annotator_error,P1,annotator,R02,"L10 (730,763)-(770,847) gộp 2 người; R7 (731,778)-(753,841) + R8 (748,769)-(770,845); M5 (745,761)-(771,848) cũng tách",rework,v1.0.0,Hai người trước cửa hàng bị gộp vào một box (khung chữ nhật bao vật). Tách thành hai Pedestrian (người đi bộ) theo quyết định R02.
r3_diag,B4-mid,adasind_265065.jpg,R7,R_only,MISSING,E1_annotator_error,P1,annotator,R02,"R7 Pedestrian (731,778)-(753,841) thiếu do L10 gộp",rework,v1.0.0,R7 là người thứ nhất bị gộp trong L10. Sửa cùng L10 bằng cách vẽ khung riêng.
r3_diag,B4-mid,adasind_265065.jpg,R8+M5,RM_noL,MISSING,E1_annotator_error,P1,annotator,R02,R8+M5 thấy người thứ hai; L10 gộp nên không ghép được,rework,v1.0.0,R8 và M5 cùng chỉ người thứ hai bị L10 gộp. Sửa cùng L10; M5 không chứng minh AI thấy cả hai người.
r3_diag,B4-mid,adasind_265065.jpg,M8,M_only,SPURIOUS,E4_model_domain,P2,ai_team,R02,"M8 Bike (157,788)-(188,830) trùng M7 trên cùng scooter L5",keep_with_reason,v1.0.0,M8 là box (khung chữ nhật bao vật) AI vẽ thêm trên cùng xe tay ga đã có M7. Giữ ghi nhận khung trùng.
r3_diag,B4-mid,adasind_265065.jpg,L1,L_only,IGNORE_SCOPE,E2_guideline_gap,P0,guideline,R06,"L1–L3 (35..146,751..817) nằm trong polygon crowd_or_group (0,760)-(145,815) của reference; ảnh phóng to thấy 2 tuk-tuk + 1 xe máy tách được từng chiếc",escalate,v1.0.0,"R06 chưa có tiêu chí đo khi nào không tách được từng vật. L (người học) vẽ ba khung cao 56, 58 và 51 pixel; R (bản mẫu) bỏ qua cụm. Ba khung nằm chủ yếu, không hoàn toàn, trong vùng (0,760)-(145,815). Giữ đề xuất R06a trong 20_guideline_patch.md."
r3_diag,B4-mid,adasind_265065.jpg,L5+R5+M7,LRM,ATTRIBUTE,E5_unresolved,P2,qa,R03,"Trả lời QA r2 L5: R5 Bike (152,776)-(190,830) + R6 Pedestrian (145,766)-(163,826) khớp L5+L4; conflicts.csv: occluded L=true vs R=false, IoU 0.674",keep_with_reason,v1.0.0,"L, R (bản mẫu) và M (AI) đều có Bike (xe hai bánh) và Pedestrian (người đi bộ) riêng. Giữ nhãn. Trong ca này còn khác occluded (bị vật khác che): L cho rằng xe tay ga bị che ở mép trái. Theo R11, khác thuộc tính này không tự là lỗi so với mẫu. Cần người soát thứ hai xác nhận vật che, chưa khẳng định đó là Truck."
